Path,ClassId,Roi.X1,Roi.Y1,Roi.X2,Roi.Y2,Width,Height
signs3/stop_sign_0.png,0,0,0,100,100,100,100
signs3/stop_sign_1.png,0,0,0,100,100,100,100
signs3/stop_sign_2.png,0,0,0,100,100,100,100
signs3/stop_sign_3.png,0,0,0,100,100,100,100
signs3/stop_sign_4.png,0,0,0,100,100,100,100
signs3/stop_sign_5.png,0,0,0,100,100,100,100
signs3/stop_sign_6.png,0,0,0,100,100,100,100
signs3/stop_sign_7.png,0,0,0,100,100,100,100
signs3/stop_sign_8.png,0,0,0,100,100,100,100
signs3/stop_sign_9.png,0,0,0,100,100,100,100
signs3/stop_sign_10.png,0,0,0,80,100,80,100
signs3/stop_sign_14.png,0,0,0,80,100,80,100
signs3/stop_sign_15.png,0,0,0,80,100,80,100
signs3/stop_sign_18.png,0,0,0,80,100,80,100
signs3/stop_sign_20.png,0,0,0,60,100,60,100
signs3/stop_sign_22.png,0,0,0,60,100,60,100
signs3/stop_sign_23.png,0,0,0,60,100,60,100
signs3/stop_sign_29.png,0,0,0,60,100,60,100
signs3/stop_sign_30.png,0,0,0,100,70,100,70
signs3/stop_sign_31.png,0,0,0,100,70,100,70
signs3/stop_sign_37.png,0,0,0,100,70,100,70
signs3/stop_sign_45.png,0,0,0,100,100,100,100
signs3/stop_sign_46.png,0,0,0,100,100,100,100
signs3/stop_sign_47.png,0,0,0,100,100,100,100
signs3/stop_sign_48.png,0,0,0,100,100,100,100
signs3/stop_sign_49.png,0,0,0,100,100,100,100
signs3/turn_left_0.png,1,0,0,100,100,100,100
signs3/turn_left_1.png,1,0,0,100,100,100,100
signs3/turn_left_2.png,1,0,0,100,100,100,100
signs3/turn_left_3.png,1,0,0,100,100,100,100
signs3/turn_left_4.png,1,0,0,100,100,100,100
signs3/turn_left_5.png,1,0,0,100,100,100,100
signs3/turn_left_6.png,1,0,0,100,100,100,100
signs3/turn_left_7.png,1,0,0,100,100,100,100
signs3/turn_left_8.png,1,0,0,100,100,100,100
signs3/turn_left_9.png,1,0,0,100,100,100,100
signs3/turn_left_10.png,1,0,0,80,100,80,100
signs3/turn_left_12.png,1,0,0,80,100,80,100
signs3/turn_left_13.png,1,0,0,80,100,80,100
signs3/turn_left_16.png,1,0,0,80,100,80,100
signs3/turn_left_20.png,1,0,0,60,100,60,100
signs3/turn_left_24.png,1,0,0,60,100,60,100
signs3/turn_left_25.png,1,0,0,60,100,60,100
signs3/turn_left_27.png,1,0,0,60,100,60,100
signs3/turn_left_30.png,1,0,0,100,70,100,70
signs3/turn_left_31.png,1,0,0,100,70,100,70
signs3/turn_left_36.png,1,0,0,100,70,100,70
signs3/turn_left_50.png,1,0,0,100,100,100,100
signs3/turn_left_51.png,1,0,0,100,100,100,100
signs3/turn_left_52.png,1,0,0,100,100,100,100
signs3/turn_left_53.png,1,0,0,100,100,100,100
signs3/turn_left_54.png,1,0,0,100,100,100,100
signs3/turn_left_55.png,1,0,0,100,100,100,100
signs3/turn_left_56.png,1,0,0,100,100,100,100
signs3/turn_left_57.png,1,0,0,100,100,100,100
signs3/turn_left_58.png,1,0,0,100,100,100,100
signs3/turn_left_59.png,1,0,0,100,100,100,100
signs3/turn_left_60.png,1,0,0,100,100,100,100
signs3/turn_left_61.png,1,0,0,100,100,100,100
signs3/turn_left_62.png,1,0,0,100,100,100,100
signs3/turn_left_63.png,1,0,0,100,100,100,100
signs3/turn_left_64.png,1,0,0,100,100,100,100
signs3/turn_left_65.png,1,0,0,100,100,100,100
signs3/turn_left_66.png,1,0,0,100,100,100,100
signs3/turn_left_67.png,1,0,0,100,100,100,100
signs3/turn_left_68.png,1,0,0,100,100,100,100
signs3/turn_left_69.png,1,0,0,100,100,100,100
signs3/turn_right_0.png,2,0,0,100,100,100,100
signs3/turn_right_1.png,2,0,0,100,100,100,100
signs3/turn_right_2.png,2,0,0,100,100,100,100
signs3/turn_right_3.png,2,0,0,100,100,100,100
signs3/turn_right_4.png,2,0,0,100,100,100,100
signs3/turn_right_5.png,2,0,0,100,100,100,100
signs3/turn_right_6.png,2,0,0,100,100,100,100
signs3/turn_right_7.png,2,0,0,100,100,100,100
signs3/turn_right_8.png,2,0,0,100,100,100,100
signs3/turn_right_9.png,2,0,0,100,100,100,100
signs3/turn_right_10.png,2,0,0,80,100,80,100
signs3/turn_right_11.png,2,0,0,80,100,80,100
signs3/turn_right_12.png,2,0,0,80,100,80,100
signs3/turn_right_17.png,2,0,0,80,100,80,100
signs3/turn_right_20.png,2,0,0,60,100,60,100
signs3/turn_right_23.png,2,0,0,60,100,60,100
signs3/turn_right_24.png,2,0,0,60,100,60,100
signs3/turn_right_26.png,2,0,0,60,100,60,100
signs3/turn_right_30.png,2,0,0,100,70,100,70
signs3/turn_right_35.png,2,0,0,100,70,100,70
signs3/turn_right_38.png,2,0,0,100,70,100,70
signs3/turn_right_50.png,2,0,0,100,100,100,100
signs3/turn_right_51.png,2,0,0,100,100,100,100
signs3/turn_right_52.png,2,0,0,100,100,100,100
signs3/turn_right_53.png,2,0,0,100,100,100,100
signs3/turn_right_54.png,2,0,0,100,100,100,100
signs3/turn_right_55.png,2,0,0,100,100,100,100
signs3/turn_right_56.png,2,0,0,100,100,100,100
signs3/turn_right_57.png,2,0,0,100,100,100,100
signs3/turn_right_58.png,2,0,0,100,100,100,100
signs3/turn_right_59.png,2,0,0,100,100,100,100
signs3/turn_right_50.png,2,0,0,100,100,100,100
signs3/turn_right_61.png,2,0,0,100,100,100,100
signs3/turn_right_62.png,2,0,0,100,100,100,100
signs3/turn_right_63.png,2,0,0,100,100,100,100
signs3/turn_right_64.png,2,0,0,100,100,100,100
signs3/turn_right_65.png,2,0,0,100,100,100,100
signs3/turn_right_66.png,2,0,0,100,100,100,100
signs3/turn_right_67.png,2,0,0,100,100,100,100
signs3/turn_right_68.png,2,0,0,100,100,100,100
signs3/turn_right_69.png,2,0,0,100,100,100,100